module_id,safe_folder,lesson_id,lesson_title,grades,competencies,slug
A_Conscious_Conscience_G10_2022_Update,A_Conscious_Conscience_G10_2022_Update,3263,A Conscious Conscience: Using Self-Talk to Manage Anger,Grade 10,self management,rm_a_conscious_conscience_using_selftalk_to_manage_anger
A_Matter_of_Perspective_G12_V022124,A_Matter_of_Perspective_G12_V022124,2978,A Matter of Perspective,Grade 12,self awareness,rm_a_matter_of_perspective
Am_I_a_Good_Listener_G5_V022224a,Am_I_a_Good_Listener_G5_V022224a,9060,Am I a Good Listener?,Grade 5,relationship skills,rm_am_i_a_good_listener
Am_I_Sharing_or_Bragging_UPDATED_CE,Am_I_Sharing_or_Bragging_UPDATED_CE,8146,Am I Sharing or Bragging?,Grade 1,social awareness,rm_am_i_sharing_or_bragging
Anger_Management_G10_2023_V022124,Anger_Management_G10_2023_V022124,6619,Anger Management,Grade 10,self management,rm_anger_management
Are_You_A_Loyal_Friend_G6_2023_V112623a,Are_You_A_Loyal_Friend_G6_2023_V112623a,7655,Are You A Loyal Friend?,Grade 6,relationship skills,rm_are_you_a_loyal_friend
Are_You_Going_to_Play_in_College_G9_2023_V021924,Are_You_Going_to_Play_in_College_G9_2023_V021924,1595,Are You Going to Play in College?,Grade 9,,rm_are_you_going_to_play_in_college
Assertiveness_Finding_Your_Voice_G6_2023_V022124,Assertiveness_Finding_Your_Voice_G6_2023_V022124,7565,Assertiveness: Finding Your Voice,Grade 6,relationship skills,rm_assertiveness_finding_your_voice
Athletic_Recruitment_G10,Athletic_Recruitment_G10,1356,Athletic Recruitment,Grade 10,,rm_athletic_recruitment
Be_A_Learner_For_Life_G1_2023_v022124a,Be_A_Learner_For_Life_G1_2023_v022124a,9238,Be a Learner For Life!,Grade 1,social awareness,rm_be_a_learner_for_life
Be_Clear_When_Communicating_G10_2022_Update,Be_Clear_When_Communicating_G10_2022_Update,7446,Be Clear when Communicating,Grade 10,relationship skills,rm_be_clear_when_communicating
Beware_What_You_Share_G6_2022_Update,Beware_What_You_Share_G6_2022_Update,6021,Beware What You Share: So You Think You Know Social Media?,Grade 6,responsible decision making,rm_beware_what_you_share_so_you_think_you_know_social_media
Bring_Balance_To_Your_Screen_Time_G1_V022124,Bring_Balance_To_Your_Screen_Time_G1_V022124,8863,Bring Balance To Your Screen Time,Grade 1,responsible decision making,rm_bring_balance_to_your_screen_time
Can_I_Do_This_Later_G5_2023_V022124,Can_I_Do_This_Later_G5_2023_V022124,2051,Can I Do This Later?,Grade 5,self management,rm_can_i_do_this_later
Can_I_Play_Too_GK_2022_V022124,Can_I_Play_Too_GK_2022_V022124,8751,Can I Play Too? How to Join a Group,Grade K,relationship skills,rm_can_i_play_too_how_to_join_a_group
Can_We_Talk_Respectful_Communication_Among_Friends_G11,Can_We_Talk_Respectful_Communication_Among_Friends_G11,7238,Can we Talk? Respectful Communication Among Friends,Grade 11,relationship skills,rm_can_we_talk
Career_Options_and_College_G7,Career_Options_and_College_G7,3549,Career Options and College,Grade 7,self management,rm_what_are_the_important_steps_to_getting_into_college
Catching_Some_Zzzs_G9_2022_V022124,Catching_Some_Zzzs_G9_2022_V022124,3892,Catching Some Zzzzz&#039;s,Grade 9,self management,rm_catching_some_zzzzzs
College_Words_to_Know_G2_2023 - Storyline output,College_Words_to_Know_G2_2023_-_Storyline_output,4745,College Words to Know,Grade 2,responsible decision making,rm_college_words_to_know
Communicating_Clearly_G4_2023,Communicating_Clearly_G4_2023,9068,Communicating Clearly,Grade 4,social awareness,rm_communicating_clearly
Completing_My_Work_Lesson_G2_2023_UPDATED,Completing_My_Work_Lesson_G2_2023_UPDATED,8156,Completing My Work,Grade 2,responsible decision making,rm_completing_my_work
Conversations_That_Matter_G10_V022224,Conversations_That_Matter_G10_V022224,7801,Conversations that Matter,Grade 10,responsible decision making,rm_conversations_with_parents_that_matter
Cyberbullying_What_You_Need_To_Know_G6,Cyberbullying_What_You_Need_To_Know_G6,4342,Cyberbullying: What You Need to Know,Grade 6,social awareness,rm_cyberbullying_what_you_need_to_know
Dealing_with_Conflict_Gracefully_G4_2023,Dealing_with_Conflict_Gracefully_G4_2023,9124,Dealing with Conflict Gracefully,Grade 4,relationship skills,rm_dealing_with_conflict_gracefully_
Different_Places_To_Learn_v2,Different_Places_To_Learn_v2,3521,Different Places to Learn,Grade 7,social awareness,rm_what_is_college
Do_I_Have_to_Like_Everyone_G3_2023,Do_I_Have_to_Like_Everyone_G3_2023,3707,Do I Have to Like Everyone?,Grade 3,relationship skills,rm_do_i_have_to_like_everyone
Do_We_Have_to_Work_Together_G5_2022_Update - Storyline output,Do_We_Have_to_Work_Together_G5_2022_Update_-_Storyline_output,3674,Do We Have to Work Together?,Grade 5,social awareness,rm_do_we_have_to_work_together
Embracing_Mistakes_Learning_From_Missteps_G7_UPDATED_v2,Embracing_Mistakes_Learning_From_Missteps_G7_UPDATED_v2,8136,Embracing Mistakes: Learning from missteps,Grade 7,self awareness,rm_embracing_mistakes_learning_from_missteps
Empathy_The_Key_G8_2022_Update,Empathy_The_Key_G8_2022_Update,7625,Empathy - The Key to Making the World a Better Place,Grade 8,social awareness,rm_empathy__the_key_to_making_the_world_a_better_place
Facts_About_Friendship_G6_2022_Update,Facts_About_Friendship_G6_2022_Update,3609,Facts About Friendship: Why Are My Friendships Changing?,Grade 6,relationship skills,rm_facts_about_friendship_why_are_my_friendships_changing_
Feeling Frustrated_V092523,Feeling_Frustrated_V092523,8781,Feeling Frustrated,Grade K,self awareness,rm_feeling_frustrated
Feeling Frustrated_V092523,Feeling_Frustrated_V092523,10131,Feeling frustrated,Preschool,self awareness,feeling_frustrated_1
Feeling_Mad_Can_Be_Sad_2023,Feeling_Mad_Can_Be_Sad_2023,8092,Feeling Mad Can Be Sad! Don&#039;t Let Your Actions Make It Worse,Grade 1,self management,rm_feeling_mad_can_be_sad_dont_let_your_actions_make_it_worse_
Feelings_Feelings_Too_Many_Feelings_G3_2023,Feelings_Feelings_Too_Many_Feelings_G3_2023,3454,"Feelings, Feelings, Too Many Feelings!",Grade 3,self awareness,rm_feelings_feelings_too_many_feelings
Finding_And_Being_A_Good_Friend_G7_2022_Update - Storyline output,Finding_And_Being_A_Good_Friend_G7_2022_Update_-_Storyline_output,8282,Finding and Being a Good Friend,Grade 7,relationship skills,rm_finding_and_being_a_good_friend
Finding_Success_With_Goals_G4_v2,Finding_Success_With_Goals_G4_v2,3378,Finding Success with Goals,Grade 4,self management,rm_finding_success_with_goals
Finding_Ways_To_Get_Along_UPDATED_v2,Finding_Ways_To_Get_Along_UPDATED_v2,9365,Finding Ways to Get Along With Everyone,Grade 3,social awareness,rm_finding_ways_to_get_along_with_everyone
Friends_Can_Be_Different_GK_2023,Friends_Can_Be_Different_GK_2023,3594,Friends Can Be Different,Grade K,relationship skills,rm_friends_can_be_different
Friendship_is_a_Two_Way_Street_G2,Friendship_is_a_Two_Way_Street_G2,3605,Friendship is a Two-Way Street,Grade 2,relationship skills,rm_friendship_is_a_twoway_street
Friendships_Can_Be_Tough_G4_2023_V2,Friendships_Can_Be_Tough_G4_2023_V2,3348,Friendships Can Be Tough,Grade 4,relationship skills,rm_friendships_can_be_tough
Friendships_Can_Change_V092523,Friendships_Can_Change_V092523,3493,Friendships Can Change,Grade 5,social awareness,rm_friendships_can_change
Get_It_All_Together_G3_2023,Get_It_All_Together_G3_2023,7988,Get It All Together!,Grade 3,self management,rm_get_it_all_together
Get_Outside_and_Play_G3_2023,Get_Outside_and_Play_G3_2023,5946,Get Outside and Play!,Grade 3,self management,rm_get_outside_and_play
Give_Me_a_Break_G3_2023,Give_Me_a_Break_G3_2023,7751,Give Me a Break!,Grade 3,self management,rm_give_me_a_break_
Go_the_Extra_Mile_and_Make_Your_Teacher_Smile_G1_2023,Go_the_Extra_Mile_and_Make_Your_Teacher_Smile_G1_2023,9247,Go the Extra Mile and Make Your Teacher Smile! Be Kind!,Grade 1,social awareness,rm_go_the_extra_mile_and_make_your_teacher_smile_be_kind
Going_Full_Throttle_G7_2023,Going_Full_Throttle_G7_2023,2010,Going Full Throttle: Recognizing How Emotions Fill Up or Empty Our Fuel Tanks,Grade 7,self awareness,rm_going_full_throttle_recognizing_how_emotions_fill_up_or_empty_our_fuel_tanks
Good_Sportsmanship_6_2023,Good_Sportsmanship_6_2023,1834,Good Sportsmanship,Grade 6,relationship skills,rm_good_sportsmanship
GOOOAAALLS_G1_2023_V2,GOOOAAALLS_G1_2023_V2,25874,GOOOAAALLS!,Grade 1,self management,goooaaalls_1_1
Handle_Your_Anger_2023,Handle_Your_Anger_2023,5242,Handle Your Anger,Grade 3,self management,rm_handle_your_anger
Handling_Compromise_2023,Handling_Compromise_2023,9028,Handling Compromise - Finding a Win-Win Solution,Grade 5,relationship skills,rm_handling_compromise_finding_a_winwin_solution
Helping_Out_at_Home_2023,Helping_Out_at_Home_2023,5268,Helping Out at Home &amp; Listening to Your Parents,Grade 8,responsible decision making,rm_helping_out_at_home
High_School_is_Coming_G8_2023_v092523,High_School_is_Coming_G8_2023_v092523,6419,High School is Coming!,Grade 8,social awareness,rm_high_school_is_coming
How_Can_I_Help_My_Friend_G4_2023,How_Can_I_Help_My_Friend_G4_2023,6385,How Can I Help My Friend?,Grade 4,social awareness,rm_how_can_i_help_my_friend
How_Can_I_Help_My_School_CommunityG2_2023,How_Can_I_Help_My_School_CommunityG2_2023,9273,How Can I Help My School Community,Grade 2,social awareness,rm_how_can_i_help_my_school_community
How_Can_I_Keep_My_Classroom_Peaceful_G2_2023,How_Can_I_Keep_My_Classroom_Peaceful_G2_2023,9327,How Can I Keep My Classroom Peaceful,Grade 2,social awareness,rm_how_can_i_keep_my_classroom_peaceful
How_Can_I_Safely_Express_My_Strong_Feelings_GK_2023,How_Can_I_Safely_Express_My_Strong_Feelings_GK_2023,8763,How Can I Safely Express my Strong Feelings?,Grade K,self management,rm_how_can_i_safely_express_my_strong_feelings
How_Can_I_Safely_Express_My_Strong_Feelings_GK_2023,How_Can_I_Safely_Express_My_Strong_Feelings_GK_2023,10127,How can I safely express my strong feelings?,Preschool,self management,how_can_i_safely_express_my_strong_feelings_1
How_Much_Should_I_Trust_My_Friend_2023,How_Much_Should_I_Trust_My_Friend_2023,3788,How Much Should I Trust My Friend?,Grade 8,relationship skills,rm_how_much_should_i_trust_my_friend
How_My_Body_Tells_Me_When_I_Am_Mad_GK_2023,How_My_Body_Tells_Me_When_I_Am_Mad_GK_2023,8787,How My Body Tells Me When I Am Mad,Grade K,self awareness,rm_how_my_body_tells_me_when_i_am_mad
How_My_Body_Tells_Me_When_I_Am_Mad_GK_2023,How_My_Body_Tells_Me_When_I_Am_Mad_GK_2023,10132,How my body tells me when I am mad,Preschool,self awareness,how_my_body_tells_me_when_i_am_mad_1
How_to_Apologize_2023,How_to_Apologize_2023,8769,How to Apologize: Be an &#039;I&#039;m Sorry&#039; Superstar,Grade K,social awareness,rm_how_to_apologize_be_an_im_sorry_superstar
How_to_Be_a_True_Friend_2023,How_to_Be_a_True_Friend_2023,9048,How to Be a True Friend,Grade 5,relationship skills,rm_how_to_be_a_true_friend
How_to_Be_aGood_Friend_2023_V103023,How_to_Be_aGood_Friend_2023_V103023,8722,How to Be a Good Friend,Grade K,relationship skills,rm_how_to_be_a_good_friend
How_to_Be_Responsible_Student_G2_2023,How_to_Be_Responsible_Student_G2_2023,7972,How to Be a Responsible Student,Grade 2,responsible decision making,rm_how_to_be_a_responsible_student
How_to_Become_Mindful_2023,How_to_Become_Mindful_2023,7285,How to Become Mindful When Your Mind is Full,Grade 6,self awareness,rm_how_to_become_mindful_when_your_mind_is_full
How_to_Break_Down_Large_Tasks_2023,How_to_Break_Down_Large_Tasks_2023,7556,How to Break Down Large Tasks,Grade 6,self management,rm_executive_functions_how_to_break_down_large_tasks
How_to_Handle_Bullying_G6_2023,How_to_Handle_Bullying_G6_2023,2611,How to Handle Bullying,Grade 6,social awareness,rm_how_to_handle_a_bully
How_to_Have_Positive_Family_Relationships_G5_V030124,How_to_Have_Positive_Family_Relationships_G5_V030124,6566,Harmony at Home: How to Have Positive Family Relationships,Grade 5,social awareness,rm_cant_live_with_them_cant_live_without_them
How_to_Reach_Your_Goals_G6_2023,How_to_Reach_Your_Goals_G6_2023,4971,How to Reach Your Goals,Grade 6,self management,rm_how_to_reach_your_goals
How_to_Resolve_Conflict_G3_2023,How_to_Resolve_Conflict_G3_2023,9374,How to Resolve a Conflict,Grade 3,relationship skills,rm_how_to_resolve_a_conflict
How_to_Unwind_Busy_Mind_G9_2023,How_to_Unwind_Busy_Mind_G9_2023,7546,How to Unwind a Busy Mind,Grade 9,self awareness,rm_practicing_mindfulness
How_to_Work_on_Teams_Effectively_2023,How_to_Work_on_Teams_Effectively_2023,6912,How to Work on Teams Effectively,Grade 6,relationship skills,rm_how_to_work_on_teams_effectively
How_to_Work_Well_in_Groups_G2_2023,How_to_Work_Well_in_Groups_G2_2023,6936,How to Work Well in Groups,Grade 6,,rm_how_to_work_well_in_groups
How_Tolerant_Am_I_V022124,How_Tolerant_Am_I_V022124,6509,How Tolerant Am I?,Grade 8,social awareness,rm_how_tolerant_am_i
How_We_Feel_and_Why_GK_2023,How_We_Feel_and_Why_GK_2023,10128,How We Feel and Why,Preschool,self awareness,how_we_feel_and_why_1
Hula_Hooping_My_Own_Personal_Space_2023,Hula_Hooping_My_Own_Personal_Space_2023,8895,Hula Hooping in My Own Personal Space,Grade 1,relationship skills,rm_hula_hooping_in_my_own_personal_space
I_Can_Be_a_Good_Friend_2023,I_Can_Be_a_Good_Friend_2023,9380,I Can Be A Good Friend,Grade 2,relationship skills,rm_how_to_be_a_good_friend_11
I_Can_Do_Well_GK_2023,I_Can_Do_Well_GK_2023,7976,I Can Do Well,Grade K,self management,rm_i_can_do_well_1_1
I_Can_Do_Well_GK_2023,I_Can_Do_Well_GK_2023,10121,I Can Do Well,Preschool,self management,i_can_do_well_1_1_1
I_Control_My_Words_G2_2023,I_Control_My_Words_G2_2023,8152,I Control My Words and Actions: Driving My Behavior Car,Grade 2,self management,rm_i_control_my_words_and_actions_driving_my_behavior_car
I_Didnt_Reach_My_Goal_2023,I_Didnt_Reach_My_Goal_2023,4907,I Didn&#039;t Reach My Goal! What Now?,Grade 7,self management,rm_i_didnt_reach_my_goal_what_now
I_Just_Have_to_Say_It_2023,I_Just_Have_to_Say_It_2023,4876,I Just Have to Say It!,Grade 3,social awareness,rm_i_just_have_to_say_it
If_You_Cant_Say_Something_Nice_2023,If_You_Cant_Say_Something_Nice_2023,6074,If You Can&#039;t Say Something Nice To Yourself,Grade 3,self awareness,rm_if_you_cant_say_something_nice_to_yourself
Im_Responsible_for_What_IDo_and_Say_2023,Im_Responsible_for_What_IDo_and_Say_2023,4985,I&#039;m Responsible for What I Do and Say,Grade 7,self management,rm_im_responsible_for_what_i_do_and_say
Importance_of_a_Reputation_G7_2023,Importance_of_a_Reputation_G7_2023,3824,Importance of a Reputation: Building Your Brand,Grade 7,social awareness,rm_importance_of_a_reputation_building_your_brand
Improving_Frustration_Tolerance_G5_2023,Improving_Frustration_Tolerance_G5_2023,8981,Improving Frustration Tolerance - How to Persevere,Grade 5,self management,rm_improving_frustration_tolerance_how_to_persevere
Is_Fair_Always_Equal_2023,Is_Fair_Always_Equal_2023,9319,Is Fair Always Equal?,Grade 2,social awareness,rm_is_fair_always_equal
Is_My_Anger_Getting_the_Best_of_Me_G2_2023,Is_My_Anger_Getting_the_Best_of_Me_G2_2023,4870,Is My Anger Getting the Best of Me?,Grade 7,self management,rm_is_my_anger_getting_the_best_of_me
It_Takes_Your_WHOLE_Body_to_Listen_Well_G1_2023,It_Takes_Your_WHOLE_Body_to_Listen_Well_G1_2023,8081,It Takes Your WHOLE Body to Listen Well!,Grade 1,relationship skills,rm_it_takes_your_whole_body_to_listen_well
School_Pride_G3_5_2022_V032724,School_Pride_G3_5_2022_V032724,19502,School Pride Grades 3-5,Grade 3; Grade 4; Grade 5,,school_pride_3_5
School_Pride_G3_5_2022_V032724,School_Pride_G3_5_2022_V032724,24971,School Pride Grades 3-5,Grade 3; Grade 4; Grade 5,social awareness,school_pride_3_5_1
School_Pride_G68_2022_V022924,School_Pride_G68_2022_V022924,19484,School Pride:  Contributing to the Common Good at School,Grade 6; Grade 7; Grade 8,,school_pride__contributing_to_the_common_good_at_school
School_Pride_G68_2022_V022924,School_Pride_G68_2022_V022924,24988,School Pride:  Contributing to the Common Good at School,Grade 6; Grade 7; Grade 8,social awareness,school_pride__contributing_to_the_common_good_at_school_1_1
School_Pride_GK-2_2022,School_Pride_GK-2_2022,19493,School Pride Grades K-2,Grade K; Grade 1; Grade 2,,school_pride
School_Pride_GK-2_2022,School_Pride_GK-2_2022,24980,School Pride Grades K-2,Grade K; Grade 1; Grade 2,social awareness,school_pride_1
SEL_Wrap_Up_3-5_2023_V2,SEL_Wrap_Up_3-5_2023_V2,15290,Wrap Up Lesson Grades 3-5,Grade 3; Grade 4; Grade 5,relationship skills; responsible decision making; self awareness; self management; social awareness,wrap_up_lessonactivity3
SEL_Wrap_Up_K-2_2023_V3,SEL_Wrap_Up_K-2_2023_V3,14834,Wrap Up Lesson Grades K-2,Grade K; Grade 1; Grade 2,relationship skills; responsible decision making; self awareness; self management; social awareness,wrap_up_lessonactivity0
Steg_Starts_School_V3,Steg_Starts_School_V3,25843,Starting School,Preschool,,steg_starts_school_pk
Stereotypes_G5_2022_V031424,Stereotypes_G5_2022_V031424,17010,Stereotypes,Grade 5,,rm_saexamining_bias5
Training_for_a_Career_G1_2022,Training_for_a_Career_G1_2022,8840,Training for a Career,Grade 1,social awareness,rm_from_college_to_career
Using_Design_Thinking_to_Solve_Problems_G2_2023,Using_Design_Thinking_to_Solve_Problems_G2_2023,7038,Using Design Thinking to Solve Problems,Grade 5,responsible decision making,rm_how_to_problem_solve_like_a_penguin
Vote_Doing_Your_Civic_Duty_G12_2023_V040524,Vote_Doing_Your_Civic_Duty_G12_2023_V040524,19808,VOTE: Doing Your Civic Duty,Grade 12,self awareness,vote_doing_your_civic_duty
What_are_Relationship_Skills_G9-12_2022_V061224,What_are_Relationship_Skills_G9-12_2022_V061224,16155,What are  Relationships Skills?,Grade 10; Grade 11; Grade 12; Grade 9,,rm_what_are__relationships_skills_
Wrap Up Lesson 6-8 Final,Wrap_Up_Lesson_6-8_Final,15717,Wrap Up Lesson Grades 6-8,Grade 6; Grade 7; Grade 8,relationship skills; responsible decision making; self awareness; self management; social awareness,wrap_up_lessonactivity6
Wrap Up Lesson 9-12 Final_V3,Wrap_Up_Lesson_9-12_Final_V3,16189,Wrap Up Lesson Grades 9-12,Grade 10; Grade 11; Grade 12; Grade 9,relationship skills; responsible decision making; self awareness; self management; social awareness,wrap_up_lessonactivity9
